1,Daniela Soto
2,Edgar Ramirez
3,Lucia Mora
4,Andris Vargas
5,Sofia Aguilar
6,Mario Solis
7,Paula Camacho
8,Erick Gómez
9,Jimena Leiva
10,Carlos Rojas
11,Fabiola Méndez
12,Luis Araya
13,Valeria Esquivel
14,Jorge Navarro
15,Karina Obando
16,Samuel Bolaños
17,Isabella Castro
18,Diego Fernández
19,Nicole Badilla
20,Alejandro Céspedes
21,Patricia Blanco
22,Rodrigo Cubero
23,Gabriela Jiménez
24,Tomás Chaves
25,Rebeca Fallas
26,David Herrera
27,Camila Solano
28,Sebastián Villalobos
29,Mariana Carrillo
30,Esteban Loaiza
